year,Temp,DO,PH,Conductivity,BOD,NO3-,FC,TC
2014,30.6,6.7,7.5,203,NAN,0.1,11,27
2014,29.8,5.7,7.2,189,2,0.2,4953,8391
2014,29.5,6.3,6.9,179,1.7,0.1,3243,5330
2014,29.7,5.8,6.9,64,3.8,0.5,5382,8443
2014,29.5,5.8,7.3,83,1.9,0.4,3428,5500
2014,30,5.5,7.4,81,1.5,0.1,2853,4049
2014,29.2,6.1,6.7,308,1.4,0.3,3355,5672
2014,29.6,6.4,6.7,414,1,0.2,6073,9423
2014,30,6.4,7.6,305,2.2,0.1,3478,4990
2014,30.1,6.3,7.6,77,2.3,0.1,2606,4301
2014,27.8,7.1,7.1,176,1.2,0.1,4573,7817
2014,27.9,6.7,6.4,93,1.4,0.1,2147,3433
2014,29.3,7.4,6.8,121,1.7,0.4,11633,18125
2014,29.2,6.9,7,620,1.1,0.1,3500,6300
2014,30,6,7.5,72,1.6,0.2,4995,9517
2014,29,7.3,7,247,1.5,0.2,1095,2453
2014,29.1,7.3,7,188,1,0.1,1286,3048
2014,28.7,7,6.9,224,1.2,0.3,3896,6742
2014,28.7,7.3,6.7,144,1.5,0.1,1940,3052
2014,29.5,5.3,6.8,319,1.8,0.3,6458,10250
2014,29,6.3,6.4,79,1.6,1.4,7592,12842
2014,29.4,5.4,7.6,39,1.4,0.1,3176,6367
2014,28.3,2.2,6.5,322,4.7,1.2,11210,14920
2014,30.1,5.2,7.1,192,2.6,0.3,5073,8925
2014,30.3,5.6,7.5,282,1.8,0.1,3205,5082
2014,30.5,5.5,7.4,275,1.5,0.1,4698,8625
2014,29.1,7.3,6.7,55,1.4,0.1,2638,4003
2014,30.1,6.5,7.5,415,2,0.1,864,1538
2014,29.2,7.2,6.3,100,1.5,0.1,7942,13575
2014,25.1,6.6,7.8,95,4.9,0.2,16,36
2014,29.6,6.9,7.9,99,5,0.4,15,34
2014,27.4,6.8,7.7,85,5.2,0.3,11,23
2014,27.8,6.7,7.8,80,4.9,0.3,12,29
2014,30.6,5.1,7.3,3937,10.3,1.8,31,83
2014,25,5.6,7.9,468,3.6,1.9,66,164
2014,25,6.4,7.6,541,5.7,0.6,23,45
2014,25,5.5,7.4,6166,7.7,1.1,44,67
2014,25.3,5.3,7.7,24062,9.9,1.2,156,304
2014,25.1,6.7,7.6,83,4.8,0.2,28,76
2014,26.1,3.6,7.4,4424,31.3,2.2,276,474
2014,21.4,7.2,7.7,226,3.1,0.8,NAN,130
2014,27.4,5.9,7.4,268,6.4,0.4,37,68
2014,27.1,5.4,7.5,2413,7.4,1.5,59,116
2014,27.2,5.8,7.3,384,5.4,0.6,37,78
2014,27.3,5.9,7.4,269,5.1,1.2,34,60
2014,27,6,7.3,269,8.5,0.4,32,58
2014,27.2,6.1,7.3,196,6.1,0.5,30,63
2014,27,5.9,7.4,269,6.4,0.4,19,47
2014,22.6,6.3,7.8,223,4.6,0.9,15,32
2014,28.4,6.7,7.3,9293,3.5,1.8,NAN,0
2014,28,6.8,7.2,170,3.1,1.4,NAN,0
2014,27.6,6.8,7.3,4175,3.3,1.6,NAN,0
2014,27.9,6.9,7.3,4282,3.3,1.6,NAN,0
2014,28.1,6.9,7.3,5551,3.4,1.7,NAN,0
2014,27.1,6.8,7.9,5390,4.9,0.8,15,28
2014,27.6,6.6,8.1,161,4.6,0.3,16,32
2014,27.3,6.7,8,138,5,0.3,14,33
2014,27.8,6.7,7.8,81,4.9,0.3,14,35
2014,28,5.9,7.7,194,5.5,0.6,22,51
2014,28.1,6.3,7.6,186,4.6,0.6,13,31
2014,28.6,6.6,7.6,207,4.7,0.7,12,31
2014,26.9,6.8,7.7,85,5,0.4,15,34
2014,23,7.1,7.4,176,2.7,0.9,NAN,30
2014,23,7,7.4,178,2.7,0.9,NAN,40
2014,23,7.2,7.2,180,2.7,1,NAN,70
2014,25.1,6.7,7.5,85,1.4,1,183,420
2014,24.6,5.8,7.4,77,1.4,0.8,285,691
2014,25.7,6.6,7.5,75,1.4,0.7,183,448
2014,24.8,6.7,7.5,82,1.4,1,161,443
2014,27.3,6.7,6.9,56,0.9,0.2,82,172
2014,27.5,6.5,6.7,2240,1.2,0.2,136,304
2014,25.2,6.3,6.9,73,1.6,0,787,2008
2014,29.9,7,7.4,130,0.7,0.1,301,590
2014,29.8,6.6,7.7,191,1.6,0.2,362,661
2014,27.8,6.9,6.9,134,1.1,0.4,249,531
2014,26.7,7,7.5,80,0.8,0.4,2573,3583
2014,25.8,6.7,7.4,14526,0.8,0.6,1411,1969
2014,26.4,7.2,7.4,82,0.7,0.5,840,1311
2014,29.8,7.5,7.2,67,1.1,0.1,76,590
2014,28.6,3,6.6,965,1.7,1.2,247,530
2014,26.9,5.9,7.4,17990,0.7,0.5,1888,2803
2014,26,6.7,7.5,90,1.6,0.9,199,473
2014,23.6,6.1,7.4,4429,2,1.6,243,550
2014,30.3,6.7,6.9,87,1.7,0.2,155,350
2014,30.7,6.9,6.8,85,1.6,0.2,82,206
2014,28.7,2.1,6.8,101,1.6,0.8,431,694
2014,28.2,2.5,6.9,83,1.9,0.3,353,656
2014,24.8,7.2,7.6,75,1.4,1,188,426
2014,26.3,3.7,7.7,32005,1.2,0.9,40000,60392
2014,29.2,6.1,7.6,281,1.2,0.7,384,718
2014,26.6,6.7,7.6,106,0.5,2.5,44,71
2014,30.4,7.6,7.1,58,1.2,0.1,163,961
2014,25.5,1.9,7.7,2941,26.9,2.8,10875,37375
2014,25.1,7.4,7,35,0.1,0,165,409
2014,28.9,6.4,7.2,63,1.3,0.4,121,535
2014,28.8,5.4,6.7,65,1.1,0.3,60,144
2014,29.3,5.6,7.3,90,1.6,0.4,268,705
2014,29.5,7.1,8,728,1.2,0.4,374,697
2014,28.4,5.9,6.8,13953,1.5,0.4,70,166
2014,26.9,7.4,6.9,57,1.1,0.3,70,159
2014,25.8,7.2,7.2,41,0.7,0.2,441,658
2014,26.6,6.5,7.4,71,0.6,0.3,4192,7018
2014,25.3,6.8,7.1,81,0.8,0,389,1268
2014,28.2,6.8,6.9,68,1.7,0.1,449,660
2014,28.5,6.6,7,70,1.4,0.1,550,822
2014,27.6,6.4,7.7,100,0.6,0.9,56,88
2014,29,7.3,6.9,96,1.9,0.2,89,825
2014,27.5,6.8,6.6,49,0.5,0.4,1719,2950
2014,30,5.6,7.2,24360,2.1,0.3,92,447
2014,27.8,6.9,6.8,59,0.6,0.5,1916,3375
2014,30.2,7.1,6.8,14410,1.8,0.1,65,468
2014,30.8,6.2,7.2,22757,1.5,0.1,98,542
2014,25.3,6.7,7.1,66,0.6,0,222,626
2014,25.3,7.2,7,59,0.6,0,165,433
2014,25.8,6,7.6,120,1.3,1.1,212,523
2014,27.2,5.2,6.8,55,0.6,0.7,171,313
2014,28.1,4.8,6.8,86,0.7,0.8,208,332
2014,28.3,3.9,6.9,62,0.5,0.7,155,284
2014,28.1,5,6.9,3185,1.8,0.4,290,667
2014,27.7,7,7,36,1.1,0.2,276,541
2014,28,6.3,6.9,64,1.2,0.3,381,815
2014,28.2,6.2,6.9,86,1.3,0.2,372,1007
2014,28,5.7,6.8,2640,1.9,0.5,385,759
2014,28.1,5.7,6.9,53,3.1,0.4,574,1205
2014,28.1,6.6,7.1,2007,1.3,0.2,356,785
2014,28.1,6.6,7,46,1.3,0.3,228,472
2014,27.3,6.5,6.5,43,0.9,0.4,87,188
2014,28.3,6.7,6.3,54,0.9,0.1,136,610
2014,29.1,4.3,7.2,113,1.8,0.4,188,796
2014,28.7,4.6,6.7,12561,1.5,0.6,72,171
2014,28.5,7.7,6.9,61,1.6,0,88,554
2014,26.6,5.8,6.5,61,1,0.4,70,151
2014,31,4.5,6.9,1614,2.1,0.6,131,230
2014,30.5,6.9,7.2,20950,1.3,0.2,113,643
2014,28.8,6.6,7,14487,0.9,0.3,55,103
2014,25.3,6.9,7.5,54,0.6,0,319,1633
2014,25.9,5.5,7.6,569,1.3,0.9,18,141
2014,26.5,5.4,7.8,310,0.8,2.4,7,107
2014,18.9,7.1,7.8,516,0.7,0.5,2,1238
2014,20.5,6.9,8,505,0.9,0.7,2,1563
2014,27.1,7.3,7.3,109,2.4,3.4,18,65
2014,26.3,7.5,7.5,83,2.1,2,22,74
2014,29.1,6.4,7.2,102,1,0,137,1223
2014,28.4,6.5,7.1,92,1,0,155,1342
2014,24.7,7.7,7.9,232,1.3,0.8,30790,40500
2014,24.4,7.5,7.8,519,2.1,0.7,38700,53556
2014,22.7,7.3,7.2,103,0.7,1.7,4871,13810
2014,24.8,7.4,7.9,196,0.7,0.6,5323,15213
2014,24,7.4,7.8,244,1.9,1,20880,12473
2014,22.8,7.5,8,243,1.7,0.9,8780,30319
2014,26.8,7.2,8,296,1.5,0.7,1468,4314
2014,27.4,6.6,7.8,25034,1.5,0.9,1671,4224
2014,25.3,7.5,7.9,194,1,1,2906,8559
2014,27.1,7.4,7.9,170,0.8,0.9,4948,16709
2014,29,NAN,7.3,386,NAN,0.2,NAN,NAN
2014,25,5.9,7.9,21600,NAN,0.1,NAN,NAN
2014,25,6.5,7.3,21600,NAN,0.1,NAN,NAN
2014,25,6.5,7.7,26600,NAN,0.1,NAN,NAN
2014,32,6,7.1,13000,NAN,0.4,NAN,NAN
2014,29.3,6.5,7.4,1063,2,0.6,177,374
2014,22.8,6.8,6.6,63,2.9,0.1,11,36
2014,24.5,6.6,6.4,101,2.5,0.2,13,41
2014,25.5,6.6,6.5,136,2.5,0.2,13,45
2014,29,6.7,6.9,226,2.2,0.2,12,38
2014,23.8,6.7,6.3,72,2.7,0.2,9,32
2014,22.8,6.7,6.4,61,4.6,0.1,10,34
2014,29,6.6,7.2,1300,2.7,0.2,21,60
2014,29,6.7,7,461,2.5,0.1,17,51
2014,23,6.6,6.2,69,2.5,0.1,11,38
2014,29,6.8,6.9,241,2.5,0.1,14,48
2014,25.7,6.5,6.6,159,2.4,0.2,11,41
2014,25.7,6.6,6.7,170,2.5,0.2,10,34
2014,24.3,0.9,7.6,2039,104.5,0.9,272521616,511090873
2014,NAN,NAN,NAN,NAN,NAN,NAN,NAN,NAN
2014,22.7,5.8,7.2,640,6,4.3,1450,4073
2014,19,4.8,7.6,1090,22,3.6,30500,52500
2014,23,5.5,7.3,705,10,5,2020,5433
2014,24,5.1,7.4,1375,23.7,5.9,27333,50333
2014,24.7,5.5,7.4,745,10,6.1,12167,29333
2014,25,5,7.6,975,16.3,6.1,11167,21667
2014,22,4.9,7.7,1385,27.5,7.7,42500,72000
2014,24.3,5,7.3,1067,19.3,6.2,21467,39533
2014,23.3,5.3,7.2,970,13.3,5.9,3167,7133
2014,19.5,4.9,7.7,1418,21,4.2,28000,49500
2014,21.5,4.1,7.5,1015,23,6.1,35000,57500
2014,20,4.8,7.4,854,17,4.7,20500,38000
2014,NAN,NAN,8.2,NAN,19.8,0,NAN,NAN
2014,NAN,NAN,7.9,NAN,18.2,0,NAN,NAN
2014,32.6,4,6.8,370,3,0.8,4,9
2014,23.6,7.8,7.8,376,1.3,0.4,9,17
2014,23.9,7.7,7.7,354,1.3,0.3,12,22
2014,24.5,7.6,7.9,344,1.6,0.4,12,22
2014,NAN,NAN,7.2,NAN,88,0,NAN,NAN
2014,18.1,4.4,7.1,694,41,1.2,92,224
2014,25.1,5.9,8,401,0.9,0.7,4,15
2014,22.3,6,7.2,106,0.8,0.4,4,15
2014,23.7,5.6,7.9,326,1.1,0.8,4,4
2014,23.9,6.2,8.1,592,1,0.7,4,6
2014,25.5,7.2,7.5,119,2.3,3.8,33,74
2014,25.1,7.2,7.5,120,2.3,4.1,31,67
2014,25.2,7.5,7.3,82,1.8,2.8,30,70
2014,23.2,7.5,7.5,111,2.4,3,293,506
2014,20.1,5.3,3.3,831,7.7,3.2,18,36
2014,18.3,7.2,7.2,56,1.7,2.6,21,42
2014,19.3,7.5,7.2,66,1.6,2.5,22,44
2014,24,7.8,7,74,2.3,4.3,28,108
2014,20.5,6.7,2.7,1350,3.3,1.1,7,16
2014,21.2,7.3,6.6,274,2.5,2.4,176,386
2014,26.3,7.4,7.3,67,1.8,2.5,25,55
2014,25.5,7.2,7.4,82,2,2.8,26,61
2014,20,7.3,7.1,55,1.9,2.5,24,53
2014,20.3,7.3,7.1,57,2,2.4,24,50
2014,19.4,6.6,7.1,114,2.6,2.8,2142,3108
2014,21,7.3,5.6,56,1.8,2.1,16,34
2014,19.2,5.1,7,105,3.6,4.7,351,780
2014,18.3,7.3,7.1,51,1.6,2.4,19,40
2014,19.6,7.7,7.2,50,1.6,2,19,36
2014,23.7,7.6,7.3,115,2.1,3.7,301,528
2014,18.2,6.2,7,81,2.4,5.1,36,79
2014,18.8,7.2,7.1,66,1.9,3.4,28,63
2014,18.9,7.4,7.1,57,1.5,2.9,13,40
2014,25.1,7.5,7.4,144,1.7,3.5,26,59
2014,18.8,7.1,7.1,63,1.9,5.6,22,48
2014,20.2,7.3,7.2,65,1.9,3.3,24,48
2014,20,7.3,7.3,65,2,3,25,54
2014,18.5,1.5,6.9,345,33.9,16.9,23232,34251
2014,18.8,3.9,7.1,233,17,10.5,13174,22223
2014,18.3,1,7.2,376,57.2,20.3,48665,83554
2014,18.5,0.9,7.2,506,61.1,19.6,64250,106333
2014,18.2,7.2,7,66,1.9,3.7,28,60
2014,22.1,7.7,7.2,62,1.6,3,27,59
2014,17.6,7.3,6.9,61,2.2,2,25,52
2014,18.7,1.2,7.1,380,45.7,15.6,51583,94083
2014,18.7,3.2,7.1,258,23.5,10.3,31833,54083
2014,23.1,7.2,7.2,124,6.9,4.5,348,552
2014,22.6,7.2,7.1,65,2.1,2.4,56,120
2014,20,7.5,7.3,64,1.9,3.3,21,42
2014,19.9,7.6,7.3,65,1.9,3.8,21,43
2014,24.5,7.1,7.3,269,1.4,0.1,NAN,115
2014,24.4,7.2,7.3,275,1.5,0.1,4,68
2014,23.6,6.9,7.1,186,1.6,0.1,NAN,29
2014,23.5,6.8,7.1,201,1.4,0.2,NAN,86
2014,27.3,6.2,7.8,165,2.1,0,282,340
2014,29.1,6.4,7.8,158,4.1,0.5,458,500
2014,26.6,6.6,7.9,210,4.2,1.9,510,572
2013,NAN,NAN,0,208,NAN,NAN,NAN,NAN
2013,27.1,7.3,7.9,693,0.5,1,161,173
2013,27.3,5,7.6,1676,1.8,8,329,174
2013,NAN,NAN,0,506,NAN,6,26,227
2013,24.5,6,7.7,1863,8.6,1,47,1183
2013,NAN,NAN,NAN,24300,NAN,7,22474,24
2013,27.5,5.3,7.8,817,2.8,1,9,23
2013,28.3,4.3,7.8,2307,103.8,1.23,NAN,1817
2013,28.4,4.5,8.3,1287,1.5,11,116,5
2013,NAN,NAN,NAN,NAN,NAN,0,NAN,2
2013,27.6,6.8,8.2,1862,2.5,0.87,7,64
2013,NAN,5,8,NAN,0.7,0,NAN,NAN
2013,NAN,3,7.7,NAN,0.4,0,NAN,NAN
2013,27,6.7,8.1,2520,7.2,1,6,41
2013,29,8.2,8.4,606,2.9,0,NAN,NAN
2013,NAN,NAN,NAN,NAN,NAN,NAN,NAN,NAN
2013,30,5.6,7.5,41,2,0.08,7022,13410
2013,30.4,5.5,6.7,209,0.8,0.17,1893,2915
2013,30.8,5.5,7.1,123,1.5,0.09,3293,6264
2013,30.3,5.3,7.3,182,1.5,0.08,1976,3080
2013,30.1,6,7.6,100,1.2,0.17,5129,6086
2013,29.9,5.7,6.9,111,1,0.14,939,3061
2013,29.1,6.4,7.1,140,1.1,0.1,4464,7908
2013,29.9,6.2,7.8,44,2,0.06,9429,9320
2013,29.8,6.1,7.6,43,1.8,0.06,6668,9554
2013,27.9,7,6.9,64,1.1,0.09,1641,2841
2013,28.2,6.6,6.5,62,1,0.14,4073,7190
2013,29.6,7,6.8,304,2,0.49,12140,23867
2013,28.8,7,7,55,1.2,0.66,1298,2813
2013,29.5,6.3,7.6,213,1.5,0.06,3803,7069
2013,29.8,6.7,6.8,83,1.2,0.17,2140,3559
2013,29.7,7.1,6.6,76,1,0.12,2367,3527
2013,28.7,6.7,6.6,107,1.3,0.22,2461,3757
2013,27.9,7.2,6.7,89,0.9,0.06,832,1996
2013,29.3,4.2,6.7,192,2,0.16,4448,9286
2013,28.6,6.3,6.6,79,1.6,0.19,2830,6054
2013,29.8,5.6,7.7,142,1.7,0.14,1831,3644
2013,28.6,2.8,6.4,424,3.2,0.35,12658,21036
2013,30.6,5.2,7.1,306,2.6,0.34,1411,1525
2013,30.3,5.6,7.7,40,1.5,0.07,4153,7130
2013,30.4,5.5,7.7,40,1.5,0.08,7086,12282
2013,29.6,6.9,6.7,63,0.9,0.21,691,1132
2013,29.6,6.3,7.6,227,1.7,0.08,3622,3612
2013,29.5,7.1,6.6,68,1.1,0.13,4124,8167
2013,26.7,6.9,7.7,121,3.3,1,77,163
2013,29.3,7.2,8.2,112,3.3,1,39,94
2013,28,6.9,7.7,103,3.7,0.57,48,103
2013,28.2,6.9,7.6,104,3.5,0.75,37,79
2013,26.5,6.4,7.4,1003,4.3,2.89,524,753
2013,20.7,6.3,8.3,408,2.7,1.58,64,157
2013,27.2,6.7,7.8,105,3.6,1,43,89
2013,27.5,6.3,7.6,209,4.4,1.86,48,98
2013,26,5.9,7.6,13768,5,1.79,166,300
2013,26.5,7.3,7.7,86,3.2,1,50,93
2013,27,3.6,7.4,6487,30.5,1.5,534,745
2013,27.3,6.3,8.3,999,3.3,1.78,4,112
2013,28.7,7.2,7.7,125,3.3,1,39,89
2013,28.4,7.1,7.5,127,3.4,4.4,17,63
2013,28.7,7.1,7.4,5300,38,1,388,667
2013,28.7,7.2,7.6,127,3.2,1,22,51
2013,28.7,7,7.6,126,3.3,1,20,63
2013,28.7,7.2,7.6,126,3.4,1.89,29,64
2013,28.7,7.1,7.8,112,3.2,0.63,43,88
2013,29.3,6.8,7.7,9590,3.6,4.57,3,124
2013,28.3,6.8,7.4,174,3.7,2.26,4,124
2013,28.7,6.8,7.6,2572,3.3,4.22,4,118
2013,29.2,6.7,7.8,6030,4.4,4.78,4,138
2013,28.7,6.8,7.7,7207,3.9,4.25,3,120
2013,27.2,6.8,8.1,167,3.8,1,32,85
2013,27.2,6.8,8,173,3.5,1,53,98
2013,27.2,7,8,168,3.6,1,44,83
2013,28,6.9,7.9,131,3.5,0.75,41,96
2013,26.2,7,7.6,125,3.5,0.6,33,63
2013,26.2,7.2,7.5,132,3.3,0.9,38,88
2013,28.2,7.2,7.7,119,3.3,1,35,68
2013,24.5,6.9,7.5,159,2.8,1,3,82
2013,24.5,6.7,7.7,141,3.3,3,4,90
2013,24.5,7.3,7.7,132,2.9,2,3,88
2013,24,6.4,7.3,76,1.7,0.62,199,788
2013,24.9,6,7.1,85,1.7,0.53,262,538
2013,24.3,6.3,7.1,69,1.3,0.57,248,593
2013,24.8,6.5,7.3,76,1.6,0.55,226,545
2013,26.4,6.7,6.6,60,1.2,0.34,228,435
2013,27,7,6.6,3544,1.5,0.37,208,435
2013,26.6,6.7,7.3,51,0.8,0.35,547,1567
2013,28.6,6.9,7.7,107,0.7,0.46,255,443
2013,28.8,6.7,7.9,173,0.9,0.56,191,426
2013,28,5.6,6.9,126,1.2,0.67,266,990
2013,27.4,7.3,7.4,70,0.8,0.31,2984,4208
2013,27.5,6.9,7.4,12754,0.8,0.29,1807,2557
2013,26.8,7.1,7.4,80,0.6,0.5,1921,2831
2013,30,7.2,6.9,62,1.3,0.11,33,150
2013,28.8,3.4,6.7,2965,2.3,1.11,271,1236
2013,27.4,6.1,7.2,15871,0.9,0.25,1667,2975
2013,24.8,6.4,7.2,120,1.9,0.77,258,618
2013,23.6,6.2,7.2,7448,2,1.01,184,483
2013,29.8,6.6,6.9,77,1.6,0.29,264,756
2013,30.2,6.8,7,72,1.7,0.2,249,785
2013,28.2,2.9,6.7,305,2.2,1.28,403,1623
2013,27.7,3,6.6,86,2,0.39,357,1319
2013,23.9,6.7,7.1,79,1.6,0.34,313,738
2013,27.4,3.6,7.3,32790,2.6,0.59,64259,112867
2013,27.8,6.1,7.8,2905,1.3,0.54,422,997
2013,26.4,6.9,7.4,112,0.5,0.35,50,67
2013,29.6,7,6.9,51,1.1,0.18,44,317
2013,27,3.1,7.2,1416,13.2,4.41,2992,19917
2013,26.3,7,7.1,30,0.5,0.32,211,496
2013,30,6.1,7,59,1.8,0.58,89,282
2013,28,6,6.4,61,2.1,0.28,87,300
2013,30.1,6.3,7,105,2.8,0.37,142,543
2013,27.9,6.9,8.1,502,0.9,0.72,382,615
2013,27,5.9,6.7,14662,1.5,0.52,144,377
2013,26,7.8,6.8,49,1.4,0.3,122,319
2013,27.7,7.1,7.4,380,1,0.14,1527,66382
2013,27.1,7.3,7.2,67,0.9,0.38,6490,3471
2013,26.5,6.2,7.2,51,0.8,0.23,331,942
2013,28.5,7.2,6.8,69,1.2,0.45,706,941
2013,28.7,6.9,6.7,75,2.5,0.4,526,701
2013,25.7,6.3,7.4,113,0.6,0.88,98,128
2013,29.3,7.6,6.8,79,1.6,0.31,48,109
2013,27,7,7.2,57,0.6,0.46,2117,3558
2013,30.9,5.9,7,22576,1.5,0.35,42,253
2013,27.1,6.8,7.2,105,0.6,0.39,1200,2392
2013,30.3,6.3,6.7,2315,1.3,0.17,55,278
2013,30.4,6.4,6.9,18569,1,0.27,40,277
2013,26.2,6.6,7.3,45,0.6,0.39,228,940
2013,26.2,6.9,7.2,42,0.5,0.18,151,774
2013,25.1,6,7.3,92,1.7,0.56,256,597
2013,27.4,6.1,7.2,59,0.7,1.04,181,311
2013,28.1,4.5,6.9,1190,0.7,1.17,218,388
2013,28.3,4.2,7,69,0.6,1.04,240,420
2013,28.2,6,7,5569,2.2,0.68,473,1894
2013,27.2,7.3,7,34,1,0.27,234,927
2013,27.4,6.3,7,44,1.6,0.32,487,1876
2013,28.2,6.4,7.2,49,1.4,0.23,362,1357
2013,27.9,5.9,7,3272,2.2,0.62,330,1284
2013,27.3,4.6,7,65,1.7,0.28,631,1937
2013,28.2,6.5,6.9,4650,2,1,340,1573
2013,28.2,6.5,7,42,1.4,1,249,1221
2013,26.7,6.4,6.4,45,1.2,1,142,376
2013,28,6,6.1,56,1.2,0,136,438
2013,29.7,5.3,6.8,99,2.8,0.79,106,523
2013,28.2,3.6,6.5,22131,1.8,0.95,105,261
2013,28.9,6.9,6.7,66,1.8,0,93,205
2013,26.4,6,6.6,67,1.5,3.69,168,398
2013,30,4.9,6.8,9107,1.6,1,208,614
2013,30.8,6.3,7,18931,1.4,1,34,201
2013,27.8,6.6,6.8,15525,1.1,0.06,149,347
2013,26.7,7.1,7.5,46,0.8,1,239,1097
2013,27,6,7.3,432,1.2,3,3,78
2013,26.8,6.1,7.7,328,1.2,1,3,211
2013,19,5.8,7.8,707,0.6,0.85,2,1100
2013,21.4,6.1,8,674,0.9,1,2,1260
2013,27.1,7.3,7.3,164,2.3,1,115,336
2013,26.3,7.6,7.4,122,2.4,1,223,834
2013,28.3,6.5,7.1,95,1,0,156,212
2013,27.9,6.5,7.1,56,1,0,30,79
2013,23.4,7.5,7.8,237,1.4,0.89,8281,18918
2013,23.5,7.6,7.6,3688,2.3,2.66,19264,32918
2013,22.4,7.3,7.5,82,1.2,1.58,15816,17512
2013,26.8,7.5,8,202,1.4,1.89,11771,23191
2013,26.5,7.3,7.9,232,2.9,2.23,9026,30836
2013,22,7.4,7.9,246,2.3,1.9,1850,3900
2013,27.6,6.9,8.1,3960,2,2.26,19058,22523
2013,26.8,7,8,28222,1.8,2.54,16613,10469
2013,25.6,7.2,7.8,201,1.3,1.59,29937,31034
2013,26.5,7.3,8,221,1.2,2.26,16103,5289
2013,24,NAN,7.8,NAN,1,1,NAN,NAN
2013,28,8,7.7,401,NAN,1,NAN,NAN
2013,28,8,8.2,1886,4,1,NAN,NAN
2013,28,7,8.2,742,5,1,NAN,NAN
2013,27,7,6.4,149,4,1,NAN,NAN
2013,27.8,6.7,7.5,1088,1.7,0,194,474
2013,23.4,7.2,6.5,73,3.1,0,19,59
2013,25.4,6.7,6.3,98,3.3,1.5,21,74
2013,26.3,6.3,6.5,143,4,4,38,124
2013,29,6.6,6.9,260,5.4,1,17,53
2013,24.6,7.1,6.3,71,3.5,1,24,82
2013,23.5,6.9,6.3,65,3.5,0,17,52
2013,29,7.3,7.1,607,3.6,0.88,33,104
2013,27,6.1,7,446,5.2,0.56,26,77
2013,24,6.9,6.4,94,3.2,1.59,20,65
2013,28.7,6.8,6.8,451,9.4,0.55,22,58
2013,26.3,6,6.6,169,3.9,2,22,84
2013,25.7,6.5,6.7,187,3.3,3,32,113
2013,26.8,3.4,7.8,2577,164.9,1.5,148825783,160405392
2013,NAN,NAN,NAN,NAN,NAN,NAN,NAN,NAN
2013,23.3,5.5,7.2,636,9.7,4,1328,4975
2013,22.8,4.7,7.3,1088,23.8,4,28250,56000
2013,23.3,5.3,7.2,689,11.3,4,1350,6025
2013,21.8,4.9,7.3,1267,23.5,3,24750,54250
2013,24.3,5.3,7.4,852,13,4,13775,26750
2013,23.5,4.9,7.5,977,16.5,5,12375,30500
2013,24,4.4,7.4,1256,24.8,6,25250,55250
2013,23.5,4.8,7.2,1021,20.3,4,22875,43700
2013,23.3,5.1,7.3,971,14.8,5,2125,8425
2013,22.5,4.6,7.4,1284,24.3,4,21500,50000
2013,26,4,7.4,1096,26,3,31750,57500
2013,25.8,4.4,7.3,1002,21.5,4,21000,43750
2013,NAN,NAN,6.9,910,13,0,NAN,NAN
2013,NAN,NAN,6.5,930,15,0,NAN,NAN
2013,NAN,5,7.3,NAN,33.9,0,NAN,NAN
2013,NAN,NAN,6.7,960,18,0,NAN,NAN
2013,30.7,4.8,7.6,295,0.8,0,4,9
2013,20.3,7.1,7.5,293,1.3,0,9,19
2013,20.7,7.1,7.5,316,1.4,0,13,22
2013,20.8,6.6,7.5,274,1.6,0,14,24
2013,20.6,4.9,7.4,407,16.3,0,51,120
2013,28,4.9,8.3,603,1,0,4,5
2013,23.4,5.5,7.4,138,0.8,0,4,6
2013,25.3,5.5,8.1,625,1.1,0,4,6
2013,31.1,5,7.3,305,1.7,0,4,12
2013,26.3,5.6,8.1,552,1.1,0,4,6
2013,22,7.3,7.3,402,2.1,0,4,32
2013,24.4,7.2,7.3,99,2.2,1,26,57
2013,23.7,7.2,7.4,102,2.2,1,25,56
2013,24.6,7.6,7.2,72,1.8,2.56,24,57
2013,23.1,7.1,7.5,131,2.2,3.2,239,413
2013,21.7,5.2,2.9,682,7.8,1.5,16,30
2013,18.2,7.3,7.1,47,1.3,2,15,48
2013,18.8,7.6,7.2,52,1.2,2,16,36
2013,23.8,8,6.9,64,1.8,3.38,23,49
2013,17.8,7.9,7.3,46,1.4,1,12,29
2013,18.7,7.4,7.2,53,1.9,3,14,32
2013,18.8,7.7,7.2,55,1.6,3,15,63
2013,21.3,6.8,2.7,1074,3.2,2.33,4,11
2013,22.6,7.1,6.5,237,3.8,4.56,674,1072
2013,25.2,7.8,7.2,50,1.6,1.77,20,41
2013,24.8,7.3,7.3,71,2,2.66,21,47
2013,19.9,7.3,7,91,1.8,3.3,20,45
2013,20.7,7.4,7.1,49,1.7,2.44,19,42
2013,20.6,6.5,7.1,99,2.7,3.56,1967,2722
2013,21.5,7.5,5.7,50,1.5,2.21,10,23
2013,17.7,5.8,6.9,68,3.1,4.9,197,463
2013,17.9,6.9,7.2,44,1.4,2.66,14,33
2013,23.9,7.8,7.3,93,1.9,2.99,264,444
2013,18,6.6,7,66,2.3,4,29,63
2013,18.4,7.6,7.1,53,1.7,3,23,53
2013,18.8,7.8,7,47,1.4,2,8,35
2013,24.8,7.7,7.4,128,1.6,3.32,25,56
2013,19.3,7.1,7,54,1.8,2.58,20,43
2013,20.6,7.4,7,69,1.6,3.3,17,87
2013,20.7,7.5,7.2,58,1.6,2.25,21,46
2013,18.4,3.1,7.2,401,21.8,19,22556,31444
2013,19.1,4.7,7.2,202,13.6,15,13444,20056
2013,19.7,2.1,7.2,303,37.2,18.2,39444,62333
2013,20.1,1.8,7.2,394,40.6,15.4,57222,96944
2013,17.6,7.2,6.9,55,1.7,3.04,26,56
2013,22.7,7.9,7.1,55,1.2,3.55,23,50
2013,17.9,6.9,6.9,52,2.2,3.48,1576,45
2013,18.9,1.9,7,306,34.2,17.9,48278,85667
2013,19.4,4.5,7.1,196,15.5,11,48611,43333
2013,23.7,7.2,7.1,107,6.7,5.56,303,476
2013,22.7,7.5,7,82,2.1,3.02,45,122
2013,23.6,7.1,7.5,189,1.9,1,NAN,NAN
2013,23.8,7,7.6,197,1.8,1,NAN,NAN
2013,23.5,7.2,7.9,158,1.9,0.95,NAN,NAN
2013,23.5,6.5,7.8,161,1.8,0.99,NAN,NAN
2013,27.4,6.6,7.7,165,1.7,0,280,325
2013,21.9,6.7,7.8,167,4.8,1,440,520
2013,27.5,6.6,7.7,183,3.7,1.55,415,575
2012,31,7.1,7.8,151,8,0.08, , 
2012,28,7.2,7.4,319,0.7,0.18,5,10
2012,27,6.2,8.4,894,9,0.38,140,350
2012,30,2.2,8,1835,17.9,0.86,10478,25478
2012,31,2,7.7,3165,32.3,3.44,11498,15173
2012,29,2.4,7.6,1500,6.2,1.31,3,13
2012,31,5.9,7.2,52,2.1,0.08, ,90
2012,30,6.1,6.8,408,1.3,0.17,1300,3808
2012,30,5.5,6.9,143,1.3,0.09,4100,11113
2012,29,5.4,7.2,60,1.5,0.08,428,2309
2012,29,5.8,7.2,34,5.3,0.17,855,3322
2012,29,5.9,6.7,125,1.5,0.14,1638,5793
2012,28,6.4,6.7,175,1.3,0.1,772,3636
2012,30,6.2,7.7,39,1.3,0.06,1296,4517
2012,30,6.1,7.8,39,1.5,0.06,1032,5840
2012,27,7.3,6.9,61,0.7,0.09,1430,4388
2012,28,6.8,6.6,71,1.5,0.14,2495,3949
2012,29,7.4,6.5,129,2.3,0.49,5868,16691
2012,28,7,6.8,503,1.6,0.66,965,2404
2012,29,6.3,7.5,31,1.6,0.06,1466,4267
2012,29,7.1,6.8,70,0.8,0.17,716,3567
2012,30,7.3,6.8,69,1.2,0.12,457,2446
2012,28,6.7,6.6,118,1,0.22,1104,3496
2012,28,7.4,6.8,80,1.3,0.06,274,1404
2012,29,4.5,6.6,250,2.4,0.16,1572,5889
2012,28,6.1,6.9,74,1.8,0.19,1074,3937
2012,30,5.9,7.3,44,1.6,0.14,962,2794
2012,30,2.4,6.5,195,4.8,0.35,7980,14217
2012,31,4,6.8,207,1.8,0.34,818,2280
2012,29,5.4,7.6,40,1.6,0.07,290,1330
2012,30,5.3,7.6,41,1.4,0.08,952,2517
2012,29,7,6.9,54,0.8,0.21,667,3059
2012,29,5.9,7.7,44,2.1,0.08,1200,831
2012,29,7.1,6.5,60,1.7,0.13,2926,8163
2012,29,6.9,7.7,99,3.3,0.56,53,123
2012,30,6.6,7.9,123,3.2,0.52,44,104
2012,27,6.6,7.7,220,3.6,0.65,25,77
2012,27,6.8,7.7,219,3.4,0.63,23,75
2012,27,4.8,7.2,5429,8.4,2.08,177,408
2012,23,6.4,8,493,4.2,3.91,17,68
2012,29,6.8,7.6,100,3,0.54,124,295
2012,29,6.7,7.5,316,4.6,0.6,47,132
2012,28,5.8,7.9,37227,9.5,1.42,231,451
2012,29,6.9,7.7,84,3.1,0.42,69,168
2012,25,4.9,7.6,21254,55.5,2.18,560,964
2012,28,6.9,7.9,312,2.7,1.58,4,107
2012,29,6.8,7.5,146,3,0.6,124,241
2012,29,6.7,7.3,127,2.9,0.59,100,209
2012,29,5.6,6.9,432,4.5,1.72,58,173
2012,29,6.5,7.3,126,3,0.59,132,284
2012,30,7.1,7.5,128,3,0.6,136,297
2012,30,6.4,7.3,129,3.1,0.6,68,191
2012,29,6.9,7.7,129,2.9,0.55,135,268
2012,25,7,7.9,153,2.9,0.55,30,86
2012,30,6.4,7.6,10165,3.7,2.14,5,139
2012,30,6.9,7.7,307,2.8,3.6,4,123
2012,31,6.3,7.7,322,3.5,1.1,4,116
2012,30,6.5,7.5,5835,3.4,1.72,4,126
2012,30,6.3,7.4,9245,4.7,2,4,134
2012,28,6.5,8.1,1907,4,0.55,46,115
2012,28,7,8,1896,3.5,0.64,190,245
2012,28,7,8,206,2.9,0.56,31,74
2012,27,6.8,7.8,239,3.3,0.56,33,77
2012,27,6.4,7.6,152,3.2,0.96,62,142
2012,26,6.7,7.7,146,3,0.89,30,73
2012,27,6.7,7.6,137,2.9,0.76,24,64
2012,28,6.6,7.8,228,3.5,0.57,30,79
2012,23,7,7.7,409,2.4,0.93,4,112
2012,22,6.8,7.6,263,2.9,0.81,4,123
2012,23,6.9,7.5,338,2.3,3.93,4,108
2012,26,7,7.2,79,0.8,0.62,279,637
2012,26,6.6,7,67,1.1,0.53,275,670
2012,26,6.6,7.3,59,0.7,0.57,281,541
2012,26,6.2,7.3,66,0.8,0.55,303,609
2012,26,7.1,7,67,1,0.34,170,538
2012,26,7,6.7,5341,1.1,0.37,158,528
2012,29,6.7,7.3,89,1.1,0.35,1163,2025
2012,28,6.2,7.3,136,1,0.46,296,676
2012,28,7.1,8.1,212,0.9,0.56,524,992
2012,29,6.3,6.3,134,1.2,0.67,224,780
2012,26,7.3,7.2,76,0.6,0.31,468,893
2012,26,7,7.3,11041,0.9,0.29,256,503
2012,28,6.8,7.1,75,0.8,0.5,693,1169
2012,29,7.4,7.2,61,0.7,0.11,54,255
2012,28,1.7,6.6,769,3.4,1.11,556,1717
2012,26,6.1,7.5,14083,1.4,0.25,920,2686
2012,26,6.6,7.2,92,0.8,0.77,332,660
2012,25,6.6,7.2,1348,0.8,1.01,392,810
2012,29,6,6.7,95,1.2,0.29,253,680
2012,29,6.6,6.8,78,1,0.2,275,626
2012,28,0.6,6.7,268,4.1,1.28,400,1308
2012,27,1.8,6.6,82,2,0.39,399,1410
2012,25,7.1,7.2,61,1,0.34,251,608
2012,26,3.9,7.6,30298,2.5,0.59,4830,7240
2012,27,6.6,8,310,1.1,0.54,517,783
2012,27,7,7.1,97,0.8,0.35,45,77
2012,29,7.3,7,51,0.7,0.18,65,258
2012,29,0.5,7.1,1717,21.2,4.41,3317,15833
2012,29,7,7.4,55,0.9,0.32,800,1400
2012,29,6.1,6.8,67,1.1,0.58,80,394
2012,27,7,6.7,61,1.3,0.28,168,248
2012,30,5.2,6.9,81,1.5,0.37,71,465
2012,27,6.1,8,510,1.1,0.72,784,1572
2012,27,6.5,6.9,12150,1.8,0.52,711,1481
2012,25,7.9,7.2,50,1.1,0.3,319,845
2012,25,7.5,6.9,34,0.9,0.14,110,256
2012,26,7,7.4,72,1,0.38,496,897
2012,29,7.3,7.3,99,0.9,0.23,1088,1788
2012,27,7.5,6.9,125,1.6,0.45,970,1400
2012,27,6.8,6.9,116,1.7,0.4,825,1260
2012,27,5.8,7.3,107,0.9,0.88,232,343
2012,28,7.1,7.2,85,0.8,0.31,67,184
2012,26,6.8,7.1,58,0.7,0.46,2010,3460
2012,29,5.7,7.3,13197,1.5,0.35,46,144
2012,27,6.7,7.1,58,1.2,0.39,964,1739
2012,28,7,6.9,3453,0.9,0.17,56,278
2012,29,6.5,7,14369,1.3,0.27,63,175
2012,28,6.6,7.3,70,1.4,0.39,838,1875
2012,29,7,7.3,60,0.8,0.18,631,1813
2012,26,6.3,7.2,97,0.8,0.56,357,880
2012,28,6,7,63,1.1,1.04,243,493
2012,28,4.4,7.1,113,1.5,1.17,358,722
2012,28,4.5,7.2,79,1,1.04,279,537
2012,28,5.1,6.9,1789,2.1,0.68,408,1946
2012,27,7.5,7.2,36,1.1,0.27,282,1134
2012,28,6.8,7,59,1.3,0.32,648,2267
2012,28,6.8,6.9,114,1.4,0.23,388,1785
2012,28,5.9,6.8,1108,2.2,0.62,386,1520
2012,28,4.9,6.7,88,2.2,0.28,480,2200
2012,28,6.8,6.9,1686,1.4,0.25,236,1223
2012,28,7.1,6.9,45,1.2,0.29,451,1636
2012,26,6.9,6.6,56,1.1,0.3,177,542
2012,28,6.5,6.3,49,1,0.22,87,323
2012,29,4.9,6.6,169,2.1,0.76,250,1241
2012,28,4.2,6.5,19575,1.4,0.39,210,528
2012,28,6.9,7.1,63,0.9,0.16,152,336
2012,26,6.6,6.7,69,0.8,0.38,185,464
2012,29,4.5,6.6,6381,2.1,0.34,196,435
2012,29,6.2,7.2,9326,1.3,0.22,61,141
2012,27,6.6,7.1,15158,1.1,0.26,126,810
2012,29,6.3,7.3,74,1.2,0.29,725,1813
2012,27,6,7.6,429,1.1,1.1,3,362
2012,27,6,7.8,308,1.1,1.47,3,343
2012,20,5.8,7.4,505,0.6,0.73,4,1517
2012,24,6.1,7.5,465,0.5,0.34,4,1458
2012,28,6.4,7.1,183,2.3,0.62,209,398
2012,27,7.1,7.4,135,1.9,0.72,419,995
2012,32,6.7,7.2,103,1, ,11,70
2012,30,6.8,7.1,106,1, ,13,137
2012,22,7.8,7.9,213,1.5,0.35,7742,15083
2012,22,7.7,8.1,312,2,0.75,12675,32017
2012,24,6.9,7.6,99,1.6,1.39,3066,5395
2012,27,7.3,8,230,1.6,0.69,2346,4348
2012,26,6.8,8.1,264,2.6,1.16,2428,5142
2012,25,7.2,8.1,272,3.1,1.46,2196,4586
2012,28,8,8.3,312,1.4,0.73,1618,4319
2012,29,8.2,8,19595,2,0.94,624,1116
2012,26,7,8,199,1.8,1.11,1503,3573
2012,28,7.2,8.1,201,1.6,0.36,1239,2324
2012,31,6.8,7.8,505,2.1,0.02, , 
2012,25,6.5,7.9,11170,3,0.3, , 
2012,25,6.9,7.4,4990,3,0.37, , 
2012,25,6.8,8.1,1516, ,0.28, , 
2012,26,6,7.3,44600, ,0.23, , 
2012,27,6.8,7.5,890,2.1,0.51,274,589
2012,23,7.3,7.6,160,1.9,0.06,32,89
2012,25,7,7.7,111,2.2,0.08,53,131
2012,26,6.7,7.7,139,3.1,0.22,123,300
2012,29,7.2,7.2,288,2.1,0.14,33,91
2012,24,7,7.1,95,1.9,0.08,47,118
2012,24,7,7.5,84,1.7,0.06,32,87
2012,29,7.4,7,3101,15.6,0.15,76,174
2012,29,7.2,7.3,510,2.9,0.08,46,123
2012,24,7.1,7.4,88,1.8,0.07,34,90
2012,29,7.2,6.9,338,3.8,0.07,44,104
2012,26,6.7,7.6,162,3.3,0.16,90,249
2012,27,6.7,7.6,182,4.1,0.15,92,251
2012,32,0.2,7.2,2219,185.8,1.75,180000000,300000000
2012, ,6.8,8,414,3.1,0.88, , 
2012,21,5.5,7.4,635,8.8,5.08,1400,5500
2012,24,5.5,7.4,1051,25,6.8,32000,63000
2012,21,5.3,7.3,636,9.9,5,2150,10000
2012,24,5.1,7.4,993,21.9,6.63,36250,57750
2012,21,5.3,7.5,632,13.5,5.08,20000,34750
2012,18,4.9,7.4,973,17.5,4.77,22000,40667
2012,22,4.3,7.5,1156,24.5,7.65,33750,65000
2012,22,4.8,7.4,904,26,8.6,31750,55000
2012,21,5.1,7.4,1110,16,14.85,3475,12000
2012,24,5.3,7.4,1290,26.9,8.1,36250,66250
2012,22,4.9,7.4,990,27.8,6.78,19000,40500
2012,22,5.2,7.4,914,20.5,6.18,14750,29500
2012, ,6.4,7.9,1808,21,5.9, , 
2012, ,6.6,7.8,1302,18, , , 
2012, ,6.4,8,1286,19.5, , , 
2012,33,4.8,7.5,280,2.4,0.72,3,4
2012,20,7.7,7.4,344,1.2,0.37,9,19
2012,20,7.3,7,310,1.4,0.38,13,22
2012,20,7.1,7.7,303,1.5,0.34,13,23
2012,20,3.3,7.5,1630,185,1.75, , 
2012,18,6.2,7.5,788,41.5,4.08,105,235
2012,24,6,8.3,468,1.4,0.43,5,16
2012,19,5.9,7.3,234,1.5,0.36,4,12
2012,23,6.4,8,527,1.2,0.35,5,21
2012,24,5.9,7.9,796,1.5,0.48,4,14
2012,23,7.3,7.4,388,2.1,0.58, ,46
2012,28,8.5,7.5,166,2.7,NAN,NAN,31
2012,29,8.9,7,125,1.9,NAN,NAN,45
2012,30,8,7.8,144,2.1,NAN,NAN,51
2012,30,7.5,7.7,87,1.2,NAN,NAN,54
2012,28,8.5,7.6,84,2,NAN,NAN,16
2012,29,8.4,7.5,103,1.9,NAN,NAN,75
2012,30,8.7,7.2,117,3.2,NAN,NAN,52
2012,29,6.5,7.7,287,8.2,NAN,NAN,114
2012,28,8.6,7.5,130,4.6,NAN,NAN,39
2012,28,8.9,7.5,109,1.2,NAN,NAN,33
2012,30,9.8,8.4,246,1.2,NAN,NAN,10
2012,28,7.6,7.5,147,1.3,NAN,NAN,30
2012,29,8.7,7.6,202,1.2,NAN,NAN,60
2012,28,8.4,7.4,177,2.4,NAN,NAN,48
2012,29,8.7,7.6,203,2.5,NAN,NAN,59
2012,32,8.2,7.4,120,1.9,NAN,NAN,46
2012,32,8,7.2,110,1.4,NAN,NAN,80
2012,30,8.4,7.6,213,1.5,NAN,NAN,20
2012,29,9.4,7.8,174,1,NAN,NAN,16
2012,31,8.1,8,244,2.4,NAN,NAN,73
2012,29,8.1,8,162,1.8,NAN,NAN,26
2012,30,8.7,7.6,163,2.6,NAN,NAN,24
2012,29,8.7,7.6,143,1.9,NAN,NAN,58
2012,30,9.2,7.6,208,1.9,NAN,NAN,30
2012,29,8.3,7.7,158,2,NAN,NAN,48
2012,29,5.9,7.1,338,6.6,NAN,NAN,522
2012,30,4.3,7.4,269,12.3,NAN,NAN,412
2012,29,8.2,7.1,109,3.3,NAN,NAN,12
2012,28,11.1,7.6,131,3.6,NAN,NAN,32
2012,29,7.4,7.1,116,2.7,NAN,NAN,55
2012,28,8.2,7.6,112,2.1,NAN,NAN,31
2012,29,8.5,7.5,169,3.6,NAN,NAN,41
2012,28,11.4,7.2,128,1,NAN,NAN,20
2012,29,8.9,7.6,221,1.7,NAN,NAN,30
2012,30,9.3,7.6,193,2.3,NAN,NAN,41
2012,28,9.1,7.3,217,3.9,NAN,NAN,67
2012,28,7.9,7.3,131,0.8,NAN,NAN,38
2012,29,8.7,7.4,176,2.2,NAN,NAN,36
2012,30,8.1,7.3,199,2.2,NAN,NAN,56
2012,30,8.2,7.4,170,2.2,NAN,NAN,39
2012,25,7.7,7.2,95,1.8,2.67,22,50
2012,25,7.6,7.2,92,2.5,2.41,20,45
2012,25,9.9,7.2,65,1.5,2.31,21,55
2012,24,7.6,7.4,93,2.1,2.89,276,408
2012,22,5.5,2.9,568,6.8,1.12,18,33
2012,16,7.6,7,42,1.3,3.01,11,27
2012,17,7.7,7.1,45,1.4,2.89,9,22
2012,23,8.3,7,59,1.7,2.86,16,33
2012,25,6.9,2.6,1072,3.2,1.17,3,21
2012,25,7.7,6.3,250,2.1,3.88,180,326
2012,25,8.8,7.3,37,1.5,1.62,15,35
2012,25,7.3,7.3,72,2,1.65,17,36
2012,20,7.5,7,38,1.7,2.2,18,40
2012,22,7.8,7.1,44,1.6,2.62,15,33
2012,20,7,7,100,2.4,3.03,1967,2600
2012,21,7.5,6.3,52,1.7,0.82,7,21
2012,16,6.4,6.9,61,2.6,3.88,227,538
2012,17,7.5,7.1,39,1.4,2.88,12,22
2012,17,8,7.1,41,1.4,3.35,10,25
2012,24,7.9,7.3,93,1.7,5.02,295,418
2012,18,7.5,6.9,69,1.9,4.92,20,49
2012,18,7.9,7.2,46,1.7,2.72,20,45
2012,18,8,7.2,42,1.4,2.47,5,31
2012,25,7.7,7.1,101,1.5,3.42,16,43
2012,19,7.2,7.1,49,1.6,2.86,17,40
2012,21,8.2,7.1,49,1.2,2.81,15,32
2012,21,7.8,7.1,58,1.5,2.97,19,43
2012,18,3.9,7.1,235,16.9,16.61,16500,23000
2012,18,4.9,7.1,182,14.2,11.61,10417,15500
2012,19,2.7,7.1,281,35.4,14.84,41000,62667
2012,19,2.5,7.1,382,37.2,11.81,53083,87167
2012,18,8,7,48,1.4,3.8,17,41
2012,24,8.4,7.1,48,1.2,3.08,18,45
2012,17,6.8,6.6,49,1.9,3.07,18,38
2012,18,2.1,7,286,45.6,10.61,51250,84500
2012,19,4,7.1,194,22.4,10.47,29500,45250
2012,24,7.7,7.2,107,6.6,3.02,285,425
2012,22,7.6,7.1,51,2,2.6,37,81
2012,20,7.7,7.1,46,1.6,3.93,8,22
2012,20,7.7,7.1,49,1.9,3.89,11,26
2012,24,6.5,7.4,297,1,0.13,26,438
2012,24,6.3,7.5,287,0.9,0.14,5,204
2012,24,6.5,7.2,375,1.1,0.17,33,625
2012,24,6.9,6.9,349,1.1,0.18,38,503
2012,28,6.6,7.8,165,1.6, ,268,316
2012,28,6.4,8,155,3.9,0.5,512,516
2012,27,6.5,8,168,4.2,0.99,488,616
2011,29.1,6.7,7.7,218,5,1.31,NAN,NAN
2011,27,4.2,7.9,4909,18,7,NAN,NAN
2011,28.1,4.6,8,23576,158.8,6.88,35,46
2011,29.1,4.8,7.8,65700,164,3.42,NAN,NAN
2011,27.7,6.7,8.5,235,NAN,3.1,NAN,NAN
2011,27.1,6.7,8.3,262,NAN,NAN,NAN,NAN
2011,27.1,6.8,7.8,227,NAN,NAN,NAN,NAN
2011,27.3,6.8,8.5,249,NAN,0.11,NAN,NAN
2011,27,4.2,8.2,2754,42,NAN,NAN,NAN
2011,27.6,7.1,7.3,212,1.4,0.84,3,6
2011,28.2,5,8.3,12771,4.1,1.48,7,30
2011,28,6.7,8,304,1.5,0.18,1500,3550
2011,28.5,5.8,7.7,1315,2.5,0.22,1900,6800
2011,29.5,5.9,7.6,36593,3.9,0.07,1200,3200
2011,27,7.6,7.7,1291,10,0.34,23,77
2011,29.5,6,7.7,18865,3.6,3.12,900,2450
2011,27,4.3,8.4,605,6.5,1.68,5,15
2011,26.7,3.7,8.2,600,4.3,1.66,6,20
2011,27,4.6,7.2,729,4,0.33,900,2300
2011,26.8,6.2,8.4,2670,1.3,0.24,NAN,NAN
2011,28.7,6.8,6.5,43,1.1,0.42,8,178
2011,29.3,6.6,7,59,1.1,0.27,8,113
2011,28.8,6,6.2,106,1.5,0.28,9,166
2011,28.3,5.9,6.6,516,1.1,0.18,8,169
2011,25.8,7.3,6.1,87,0.9,0.33,6,169
2011,28.3,7.3,5.9,74,1.5,0.22,8,163
2011,27.8,6.7,6.3,127,2,0.44,10,149
2011,26,6.8,6.2,226,1.6,0.18,9,151
2011,27.8,7.1,5.9,93,1.8,0.28,9,131
2011,26.3,7.4,6.2,76,1.3,0.41,11,133
2011,25.7,7.3,6.2,113,1.2,0.33,9,137
2011,29,7.3,5.9,100,1.3,0.27,6,173
2011,26.9,6,5.9,273,1.8,0.31,10,171
2011,27,6.1,6.5,201,2,0.43,9,149
2011,27.5,6.2,6.3,245,1.8,0.31,7,135
2011,28.3,7,6.5,75,0.9,0.22,7,166
2011,29,7.3,6,74,1.6,0.11,8,181
2011,28.2,7.1,7.9,108,3.3,0.42,65,137
2011,NAN,7.1,7.7,111,4.4,0.32,NAN,NAN
2011,27.4,7,8,129,3.5,0.49,40,105
2011,27.3,7,8,130,3.3,0.46,33,93
2011,28.5,5.7,7.4,2323,6.3,1.47,400,541
2011,28.4,5.9,7.6,462,4.9,2.47,23,63
2011,28.4,7,7.7,107,3.8,0.4,131,285
2011,28.9,6.2,7.4,299,5.1,0.95,209,401
2011,28.2,5.9,7.8,33259,6.8,1.61,114,228
2011,28.9,7.2,7.9,77,3.2,0.42,164,282
2011,27,3.2,7.4,28018,46,1.67,908,1164
2011,27.9,6.8,7.8,350,2.6,1.99,2,72
2011,26.8,6.9,7.5,133,3.2,0.55,252,409
2011,27.2,6.9,7.5,143,3.4,0.54,149,307
2011,26.8,6.1,6.9,609,4.2,3.1,65,135
2011,26.9,6.8,7.4,129,3.2,0.86,51,133
2011,26.8,6.7,7.4,130,3.2,0.75,45,124
2011,26.9,6.6,7.4,130,5,0.74,67,158
2011,26.9,6.7,7.5,120,3.6,0.73,85,226
2011,26.2,7.1,7.9,139,3.2,0.45,74,147
2011,27.4,6,7.4,13925,59.1,3.08,4,116
2011,26.4,6.7,7.7,274,2.3,2.04,5,88
2011,26.7,6.3,7.9,326,2.5,2.32,2,71
2011,27.3,6.3,7.9,7392,2.4,6.41,4,71
2011,27.4,6.3,7.7,12051,4.4,5.37,4,102
2011,27.6,7,8.3,162,3.8,0.48,44,90
2011,27.5,7,8.3,212,3.6,0.44,47,90
2011,27.5,7.1,8.3,227,3.2,0.48,67,124
2011,26.9,6.8,8.2,314,4.3,0.45,28,69
2011,25.9,6.8,7.8,151,3.4,0.5,601,740
2011,25.9,7,7.8,123,3.4,0.44,42,100
2011,26,6.9,7.8,139,3.3,0.76,85,169
2011,26.9,6.8,8.2,313,4,0.49,49,99
2011,24.8,6.7,7.8,215,2.5,0.83,2,51
2011,26.2,6.7,7.8,204,2.5,0.77,2,68
2011,25.3,6.9,7.7,205,2.2,0.93,2,55
2011,26.6,7.1,6.9,72,0.5,0.25,278,641
2011,26.8,6.6,6.9,70,0.9,0.49,223,495
2011,26.6,6.9,7.1,52,0.8,0.18,46,520
2011,26.8,7.2,7,830,0.8,0.16,94,654
2011,29.3,6.3,6.9,95,1.3,0.99,750,1325
2011,25.4,7.2,7.4,164,0.9,0.46,1325,2225
2011,25.5,6.9,7.5,231,0.8,0.55,1000,1725
2011,26.6,6.5,6.9,101,1.3,0.47,468,1127
2011,24.7,7.1,7.1,64,0.6,0.4,283,646
2011,24.8,7.1,7.1,4600,0.6,0.35,229,538
2011,28,7.5,7.2,52,0.6,0.15,285,900
2011,27.4,2,6.8,265,2.4,2.3,1525,5425
2011,26,5.6,7,12769,1.2,0.41,725,1650
2011,27.4,7.1,7,90,0.6,0.64,338,625
2011,26.5,6.1,7,248,0.8,0.66,500,1150
2011,28.4,6,7,94,1.1,0.13,183,370
2011,28.8,6.5,7.5,76,0.8,0.08,275,585
2011,26.7,1.5,6.6,192,3.6,0.92,881,2978
2011,26.4,2,6.8,79,2.4,0.2,456,1275
2011,26.5,7.2,7.1,52,0.6,0.15,298,687
2011,25.5,4,7.5,25964,1.1,0.76,945,1588
2011,28,7.2,7.3,54,0.9,0.25,330,610
2011,28,0.8,7.1,1239,11.9,1.87,4250,11000
2011,27.9,6.4,6.5,58,1.3,0.34,255,960
2011,28.1,6.3,6.8,77,1.2,0.16,73,208
2011,28.6,5.4,6.6,80,1.6,0.27,335,775
2011,25.3,5.8,7.8,666,1,0.24,993,1650
2011,28.3,6.6,7.2,12768,1.1,0.13,88,1412
2011,26.1,7.7,7.2,44,1,0.28,29,148
2011,24.3,7.1,7,27,0.4,0.11,73,218
2011,26,7.3,7.2,59,0.6,0.19,160,465
2011,28.5,7.8,7.1,119,0.7,0.87,875,1725
2011,26.6,7.3,7.1,54,1.3,0.41,415,913
2011,26.8,7,6.6,104,1.5,0.49,500,1000
2011,28,6,7.2,92,0.7,0.38,765,1390
2011,26.2,6.8,6.6,48,0.5,0.44,1225,2025
2011,28.5,5.6,7.1,20455,0.6,0.58,433,675
2011,26.5,7,7,56,1.1,0.43,768,1725
2011,29.3,6.7,6.9,2531,0.5,0.22,308,465
2011,29.3,6.2,7.2,15362,0.8,0.39,830,1303
2011,27,7.3,7.2,62,0.8,0.95,525,985
2011,27.3,7.6,7.2,59,0.6,0.65,463,1163
2011,27.9,6.4,6.8,83,0.5,0.42,175,575
2011,27.8,7,6.6,50,0.6,0.75,295,578
2011,27.8,6.7,6.8,76,1.2,1.21,310,625
2011,28.3,6.7,6.6,64,0.9,1.35,428,838
2011,27.5,5.6,6.9,943,1.5,0.4,655,1925
2011,26.3,7.4,7,38,0.9,0.26,386,1196
2011,27,6.7,6.9,43,1,0.3,1043,2750
2011,27.4,7.1,7.3,48,1.5,0.36,595,1775
2011,27,6.2,6.8,309,1.6,0.39,1129,2725
2011,27.4,5.2,6.8,61,1.8,0.33,1123,2650
2011,27.3,6.8,6.9,995,1.1,0.24,349,1258
2011,27,6.8,6.9,52,0.9,0.45,39,198
2011,27.8,6.2,6.6,44,0.7,0.21,715,1630
2011,28.4,4.5,6.5,77,1.1,0.34,400,2675
2011,28.8,4,7,19279,0.9,0.03,98,233
2011,28.8,7,7.4,69,1,0.12,230,660
2011,25.9,6.5,6.8,58,0.5,0.24,303,1026
2011,28,4.6,6.9,98,0.6,0.11,168,348
2011,28.5,6.6,7.3,12327,0.6,0.71,1326,2210
2011,28.8,7.1,7,51,1,0.78,750,1700
2011,27.6,6.2,7.5,371,1.1,1.62,3,528
2011,27.6,6.2,7.7,316,1.3,2.41,3,312
2011,28.3,7.3,7.1,241,2.9,1.17,100,185
2011,27.5,7.7,7.4,121,1.4,0.64,378,1255
2011,30.5,6.5,7.3,64,1,2.6,236,420
2011,29.5,6.9,7.4,57,1,1.28,46,409
2011,22.3,7.5,8,211,1.9,0.39,3005,6858
2011,22.3,7.2,8,263,3.7,0.63,6625,14725
2011,25,7,7.6,111,1.6,0.67,1081,2743
2011,25.9,7.5,7.9,205,1.5,1,1615,3542
2011,25.9,7.1,7.7,283,2.3,1.73,2882,6692
2011,24.8,7.4,8,263,1.7,0.65,3113,6617
2011,27.5,8.1,8,300,2.3,0.45,2272,4569
2011,28,7.8,8,13103,2.1,0.59,277,739
2011,25,7.4,8,207,1.5,0.53,1356,2872
2011,25.8,7.2,8,198,1.4,0.57,677,1850
2011,26.8,6.5,8.1,729,1,0.65,NAN,NAN
2011,31,3,8.1,1086,NAN,0.1,NAN,NAN
2011,32,6.9,8.2,10910,NAN,0.02,NAN,NAN
2011,31,6,8,17990,NAN,0.07,NAN,NAN
2011,28,4.8,7.7,48500,NAN,0.34,NAN,NAN
2011,28.4,6.3,7.6,830,1.8,0.24,738,2020
2011,24,7.4,7.6,104,1.2,0.09,NAN,NAN
2011,NAN,6.9,7.8,440,3.4,1.21,NAN,NAN
2011,24.8,5.8,7.2,732,8.5,3.83,1089,4838
2011,24,5.6,7.4,1322,15.3,15,16750,41500
2011,25,5.4,7.3,809,10,4.2,4278,8975
2011,23.3,5.7,7.3,1103,14.3,13.75,20250,52500
2011,25.8,5.7,7.5,906,24,14.18,7863,17625
2011,25.8,3.5,7.4,1064,20,13.2,8000,14500
2011,25.8,3.2,7.6,1197,27.3,19.2,20250,40250
2011,26,4.7,7.3,1383,32.8,16.4,14388,42875
2011,26,4.8,7.4,1063,16,5.03,3138,8025
2011,24.4,5.3,7.5,1532,18.3,15.8,27000,63500
2011,23.4,5.6,7.5,1269,34.5,12.15,22000,60000
2011,24.3,5.4,7.4,1194,22,8.3,10000,35000
2011,17.7,6.1,6.8,780,14.7,NAN,NAN,NAN
2011,17,6.1,6.8,773,14.7,NAN,NAN,NAN
2011,17.3,6,7,820,15.3,NAN,NAN,NAN
2011,28,4.8,7.9,650,3.2,0.68,6,62
2011,32,5,7.3,390,2.8,0.14,4,20
2011,21.4,8.3,7.6,334,1,0.49,9,16
2011,22.3,8.2,7.7,316,1.2,0.48,11,20
2011,18.3,3.1,7.8,1261,195.4,4.78,NAN,NAN
2011,22.8,8.3,7.6,304,1.2,0.51,12,20
2011,21.8,5.5,7.6,743,7.6,1.02,81,166
2011,26.9,5.1,7.8,657,1.7,0.26,6,23
2011,27.3,5.3,7.8,623,1.7,NAN,NAN,NAN
2011,19,8.7,7.1,252,4.9,NAN,NAN,10
2011,26,5.1,7.2,17,1,NAN,NAN,10
2011,19,10,7.4,157,0.6,NAN,NAN,5
2011,21.8,5.9,7,164,1.6,NAN,NAN,74
2011,22.3,6.1,7.3,141,1.4,NAN,NAN,63
2011,22.3,5.6,7.1,427,1.4,NAN,NAN,175
2011,22.3,4.7,7,527,1.9,NAN,NAN,42
2011,23,5.5,8.6,116,4.5,NAN,NAN,113
2011,23,6.8,6.8,160,1.5,NAN,NAN,23
2011,23,7,7.4,47,1,NAN,NAN,5
2011,23,7.3,7.8,116,1.2,NAN,NAN,10
2011,22,5.5,7.3,179,1.2,NAN,NAN,75
2011,22.3,4.7,7.4,220,1.6,NAN,NAN,140
2011,27,4.9,7,180,1.2,NAN,NAN,10
2011,30,5.8,7.8,367,6.2,NAN,NAN,95
2011,23,5.8,7.4,249,1,NAN,NAN,37
2011,23,6.2,6.9,182,2.1,NAN,NAN,8
2011,22.7,5.5,7.7,356,1.2,NAN,NAN,202
2011,23,5.1,6.9,190,2.3,NAN,NAN,33
2011,23.5,5.2,7.1,164,2.8,NAN,NAN,20
2011,23,4.6,7,188,2.8,NAN,NAN,18
2011,23.5,5.6,6.6,165,1.9,NAN,NAN,23
2011,23,1.9,6.8,484,15.3,NAN,NAN,1075
2011,23,2.5,7.1,424,16.7,NAN,NAN,682
2011,22.5,5.5,6.9,118,2.8,NAN,NAN,10
2011,23,6,7,100,4.2,NAN,NAN,10
2011,22.5,4.9,6.9,93,3.6,NAN,NAN,25
2011,20,4.8,7,167.1,2.8,NAN,NAN,NAN
2011,22.7,5.4,7.2,211,1.1,NAN,NAN,78
2011,26,6,7.5,231,1.1,NAN,NAN,10
2011,19,5.6,7.1,319,4.4,NAN,NAN,15
2011,22.5,5.7,6.9,261,2.3,NAN,NAN,53
2011,18.9,9.9,7.1,163,1,NAN,NAN,35
2011,21,6.1,7.6,163,4.5,NAN,NAN,25
2011,22.5,5.1,6.9,170,2.5,NAN,NAN,10
2011,23,3.8,7,192,3,NAN,NAN,23
2011,24.4,7.8,7.2,139,1.9,0.56,263,359
2011,21.8,6.5,3.1,489,6.1,0.52,32,47
2011,20.8,7.3,7,162,2.2,0.69,2085,2633
2011,25.2,7.8,7.1,136,1.9,0.52,303,409
2011,24,7.7,7.1,205,7,0.84,303,461
2011,23.4,8.1,7.1,267,1,0.11,2,12
2011,23.4,8,7,278,1.1,0.11,3,18
2011,23.2,6.9,7.2,268,1.1,0.11,6,37
2011,23.3,6.8,7.1,286,1.3,0.11,8,29
2011,28.4,6.6,7.8,149,1.8,NAN,209,340
2011,28.6,6.3,8,164,3.4,0.3,380,528
2011,28.5,6.6,7.9,196,4.4,0.8,425,648
2010,29.9,5.6,7.5,15608,25,18.73,5,5
2010,29.9,3.7,7.5,39503,13.5,25.71,NAN,NAN
2010,29.8,4.7,7.6,46170,21.5,19.69,NAN,NAN
2010,30.2,5.8,7.8,378,NAN,2.61,NAN,NAN
2010,29.7,6.6,7.7,489,NAN,2.66,350,350
2010,30.1,6.6,7.4,492,NAN,3.6,NAN,NAN
2010,30.3,6.2,7.8,359,NAN,3.67,4,NAN
2010,29.8,5.8,7.7,8757,NAN,10.45,4,4
2010,26,5.1,8.1,533,3.7,0.45,3900,7500
2010,27,7.1,8,555,2,0.35,7500,15000
2010,27,6.8,8.2,26600,3.1,0.62,9000,23000
2010,29.3,8.1,7.6,938,8.6,0.4,22,108
2010,28.4,6.2,7.8,7778,2.7,0.26,2880,6581
2010,32,NAN,7.2,1440,46,0.2,80,330
2010,28.3,3.2,7.7,885,6.3,0.51,3900,9575
2010,29.3,6.6,6.5,58,1.8,0.87,0,53
2010,28.8,6.6,6.6,145,1.5,0.65,4,98
2010,29,6.3,6.6,55,1.8,0.36,8,140
2010,28.8,6.4,6.4,188,2,0.44,15,153
2010,27.3,6.9,6.2,61,1.7,1.07,7,117
2010,28.3,7.2,6.1,62,2.6,0.92,8,123
2010,29,6.9,6.6,154,1.9,0.83,17,173
2010,27.6,7,6.3,742,1.6,0.42,8,139
2010,28.8,7.6,6.2,62,1.1,0.38,12,160
2010,28.3,7.1,6.2,69,1.4,0.56,7,141
2010,27.8,6.8,6,93,1.9,0.75,9,136
2010,28.5,7.1,6.2,89,1.4,0.68,6,119
2010,28.1,6.3,6.2,110,1.5,0.59,8,157
2010,29,6.2,7,77,1.8,0.46,11,173
2010,29.5,6.2,6.8,67,1.7,0.61,8,145
2010,30.2,6.9,6.5,62,1.4,0.6,10,107
2010,28.3,6.7,6.2,62,0.9,0.57,8,187
2010,28.7,6.8,7.9,119,3.5,0.58,286,517
2010,26,7,7.7,88,3.2,0.13,8,17
2010,NAN,6.9,7.3,70,3.4,0.19,NAN,NAN
2010,NAN,7.4,7.2,77,3,0.23,NAN,NAN
2010,24,7,7.4,3113,4,2.16,95,350
2010,32.1,5.5,8.1,363,8.4,2.15,16,69
2010,30.3,6.9,7.5,86,3.6,0.4,316,582
2010,30.1,6.4,7.4,621,37.8,1.79,413,728
2010,28.8,5.2,7.9,42354,9.5,1.1,126,253
2010,28.7,6.9,7.4,73,3.5,0.27,482,659
2010,29,3.4,7.4,17842,31.5,3.32,1767,1767
2010,28.5,7.4,8.1,254,2.2,0.15,3,75
2010,27.7,6.7,7.4,125,3.7,0.4,514,820
2010,28.6,6.6,7.5,129,3.9,0.4,129,381
2010,27.1,6.1,7.3,515,5.1,2.02,82,212
2010,27.1,6.6,7.4,122,3.6,0.46,172,361
2010,27,6.5,7.3,131,3.8,0.79,108,261
2010,26.8,6.7,7.3,130,3.4,0.57,133,318
2010,26.8,6.6,7.4,95,3.7,0.53,147,217
2010,26.4,6.8,7.7,143,3.6,0.43,38,109
2010,22.1,6.3,7.5,10825,2.9,1.93,5,101
2010,22.3,7.1,7.4,185,2.2,0.63,4,80
2010,22,6.7,7.5,1439,2.5,1.47,4,113
2010,22,6.6,7.5,185,2.4,0.3,6,113
2010,22,6.7,7.8,3521,2.4,1.02,3,90
2010,28.2,7.1,7.7,193,3.1,0.53,41,92
2010,28.2,7.1,7.9,175,3.1,0.47,31,86
2010,28.3,7.1,7.8,174,3.3,0.44,33,83
2010,NAN,7.2,7.5,308,4,0.15,NAN,NAN
2010,26.3,6.4,7.7,153,3.6,0.77,504,592
2010,26.1,7,7.7,111,3.4,0.42,179,359
2010,26,6.6,7.6,209,3.4,0.68,97,243
2010,NAN,7.5,8.2,296,3.5,0.14,NAN,NAN
2010,27.6,6.9,7.5,119,2.2,0.42,2,71
2010,27.6,6.8,7.7,116,2.3,1.33,3,74
2010,27.3,7,7.7,118,2.1,0.5,3,64
2010,27.4,5.2,6.6,453,1.5,0.38,644,4613
2010,27.3,7.2,6.8,35,1.1,0.24,513,3483
2010,26,7,7.1,62,0.5,0.44,385,617
2010,26.2,7,7.1,5228,0.6,0.34,240,455
2010,27.5,7.2,7,51,0.6,0.26,285,522
2010,28.1,6.7,6.9,62,1.2,0.46,385,2193
2010,28.2,6.5,6.5,118,1.1,0.52,610,3080
2010,27.6,0.6,7,1787,14.1,1.49,8542,17500
2010,28,6.6,6.8,49,0.9,0.56,448,913
2010,24.3,6.8,7.3,67,0.6,0.4,598,935
2010,25.8,7.3,7.4,104,0.6,0.44,245,430
2010,27.8,6.5,6.7,39,1.2,0.26,562,4823
2010,26.3,7.2,6.5,45,0.9,0.46,1225,1825
2010,28.5,7.4,6.9,65,0.9,0.56,575,1455
2010,29.3,6.5,6.5,60,1,1.62,420,900
2010,27.6,6.6,6.9,57,0.9,0.37,319,650
2010,28.1,7.1,7,84,1,0.66,985,1485
2010,27.8,7.5,6.8,56,1.3,0.6,178,540
2010,28.1,5.4,6.7,100,0.9,0.42,463,810
2010,26.6,7,6.9,66,0.7,0.45,465,900
2010,27.8,7.1,6.9,75,0.6,0.73,300,583
2010,29.3,6.5,6.7,70,0.9,1.25,370,800
2010,28,6.7,6.6,102,0.8,0.12,295,900
2010,23.8,7.1,6.8,27,0.6,0.22,86,198
2010,26.3,6.9,7.1,46,0.5,0.33,225,373
2010,27.9,6.7,6.8,8291,1,0.53,108,250
2010,28.4,6.2,7,12342,1.4,0.27,670,1600
2010,27.1,7.5,7.3,53,0.8,0.31,1253,2225
2010,28.5,7.6,7.3,62,1,0.63,1175,2180
2010,28.1,2.2,6.4,625,2.3,1.29,1125,6505
2010,26.4,7.4,6.7,55,0.7,0.51,281,1088
2010,27.1,7,6.8,103,0.7,0.43,225,640
2010,26.9,5.3,6.9,109,1.3,0.66,305,685
2010,28.6,6.3,7,1392,0.7,0.85,230,535
2010,27.9,6.7,7,71,0.5,0.29,208,433
2010,28.4,6,6.4,57,1.4,0.61,193,303
2010,29,4.2,6.6,93,1.7,0.56,253,385
2010,28.8,5.1,6.7,88,1.9,0.63,405,713
2010,27.8,5.3,6.4,4912,1.1,0.11,345,788
2010,28.5,6.9,7,84,0.9,0.08,300,803
2010,26,2.8,7.4,18256,1.6,0.47,1050,2300
2010,26.5,5.3,7.2,9753,0.9,0.26,1600,2650
2010,28.4,6.5,5.8,67,0.4,0.54,123,520
2010,28.1,6.9,6.1,86,0.6,0.49,73,183
2010,26.8,7,6.6,59,0.8,0.42,123,418
2010,28.6,5.6,6.4,7904,1,0.4,165,278
2010,28.1,6.8,6,55,0.5,0.25,590,910
2010,29,6,5.9,105,1,0.63,73,195
2010,28.8,6.3,7,2759,1.4,0.22,963,1400
2010,28,6.5,7.6,312,1.1,2.41,3,354
2010,27.4,6.4,7.7,203,1.1,3.34,3,357
2010,28.8,7.3,7.3,308,4.2,2.43,116,185
2010,30.8,6.8,7.8,23761,1.9,0.67,145,460
2010,28,7.5,8.1,228,2.1,0.4,3390,5850
2010,27.3,7.7,8.1,243,1.6,0.71,1930,4450
2010,29,7.6,7.9,191,1.4,0.13,1188,1985
2010,24.5,7.5,7.9,237,1.8,0.45,1225,2425
2010,24.8,7.4,7.7,865,1.9,0.3,1300,2675
2010,25.3,6.7,6.9,132,1.2,0.32,953,1823
2010,26.8,7.1,7.9,211,1.4,0.48,1065,2098
2010,29,6.7,7.9,182,1.1,0.24,735,1510
2010,29,7.4,8.8,434,2,0.05,NAN,NAN
2010,28,6.4,8.3,565,2,0.05,NAN,NAN
2010,28,6.9,8.8,238,4,0.05,NAN,NAN
2010,28,6.3,6.6,425,NAN,NAN,NAN,NAN
2010,24.8,7.4,7,75,1.6,0.05,78,118
2010,27.2,7.2,6.8,70,1.8,0.09,78,148
2010,27.3,6.6,7,119,2.5,0.33,233,374
2010,28.4,6.9,7,236,1.9,0.25,83,157
2010,26.8,7,6.9,73,1.7,0.4,87,144
2010,25.2,7.2,6.9,75,1.5,0.2,83,128
2010,28.4,6.9,7.2,385,2.3,0.13,108,196
2010,28.2,6.4,7.6,860,3.3,0.4,253,379
2010,24,7.6,6.6,166,2,1.8,90,140
2010,29,6.9,7.2,308,1.9,0.49,60,170
2010,25,6.8,6.7,247,2.1,1.84,280,500
2010,25,6.6,6.9,359,2.3,0.59,110,280
2010,15,6.5,7.6,450,18,12,NAN,NAN
2010,23.5,6.1,7.8,825,16,14,NAN,NAN
2010,NAN,6.5,8.4,240,2.7,0.62,NAN,NAN
2010,15,6.9,7.8,480,18,16,NAN,NAN
2010,20.3,5.6,6.7,807,10.8,2,1825,7500
2010,20,4.9,6.8,1097,26.5,4.8,14000,46250
2010,20,4.9,6.6,834,13.1,2.6,2875,9500
2010,19.8,5.2,6.7,1027,28,5.9,17500,57500
2010,32.7,3.3,7.9,897,1.3,0.97,5,12
2010,34.5,4.9,8,510,1.2,0.35,4,8
2010,19.8,5,6.9,1172,25.5,3.8,15500,48750
2010,27,4.8,7.8,599,534.5,3.75,2200,5000
2010,20.5,4.7,6.7,906,25.3,7.7,23500,47500
2010,20.5,5.4,6.8,883,15.4,5.1,9500,21750
2010,20.5,5.1,7.6,1069,26.5,6.6,20250,49250
2010,21,4.2,7.6,1168,31.8,7.6,20000,46500
2010,20.3,4.8,6.6,905,15,3.3,6000,10500
2010,20,4.5,6.6,1269,30.3,4.1,21000,42750
2010,20,4.7,6.7,1216,26.8,3.7,13250,31500
2010,21.3,5.2,7.3,465,0.9,0.59,4,9
2010,22.1,7.8,8.2,410,1.2,0.1,16,32
2010,22.33,6.7,8.12,396,1.53,0.15,10,29
2010,21.5,8,8.1,403,0.8,0.1,12,25
2010,24,4.88,7.94,149,2.65,NAN,NAN,165
2010,22,5.67,7.02,153,1.67,NAN,NAN,22
2010,24,6,6.9,300,2.23,NAN,NAN,91
2010,23,6.15,7.45,234,2,NAN,NAN,222
2010,23,2.7,7.35,357,8.45,NAN,NAN,636
2010,24,2.98,7.52,422,5.53,NAN,NAN,531
2010,24,5.48,7.42,180,2.08,NAN,NAN,136
2010,23,5.13,7.46,162,2.23,NAN,NAN,211
2010,25,7.85,7.13,254,6.68,3.35,345,488
2010,24,6.58,6.5,655,5.93,4,40,60
2010,20,7.58,7.03,191,2.08,2.65,2350,2900
2010,24,8.23,7.05,137,1.4,3.2,243,323
2010,25,8.23,7.38,143,1.55,3.55,255,360
2010,22,6.6,7.3,210,1.3,NAN,8.5,242
2010,22,6.8,7.2,220,1.5,NAN,NAN,97
2010,23,6.8,7,317,1.5,NAN,8,45
2010,23,6.4,6.7,323,1.4,NAN,19,205
2010,28,6.5,7.7,146,1.6,NAN,302,390
2010,28,6.2,7.7,176,3.5,0.2,532,592
2010,29,6.3,8,198,4.2,0.3,524,686
